Sector: Trading,
Date: 05-Jul-2024,
Note:- Statement: 1 = Standalone and 2 = Consolidated,
Generated by and for: sangram.dash.mobile@gmail.com,

Stock Name,Symbol,Industry,Market Cap(Rs. Cr.),TTM Statement,Period Ending,Total Debt(Rs. Cr.),Enterprise Value(Rs. Cr.),TTM Ending (Results),Net Sales (Rs. Cr.),Profit After Tax (Rs. Cr.),TTM Ending (Valuation),Price Earning Ratio(TTM),"PEG Ratio ",Price To Book Value(TTM),Statement,Year Ending,Debt Equity Ratio,Return On Equity(%),Return On Capital Employed(%),Symbol with Comma for External Upload
Adani Enterprises Ltd.,ADANIENT,Trading,358735.55,2,2024-03,52747.88,404414.95,2024-03,105472.18,3293.18,2024-03,110.69,3.14,9.84,2,2024-03,1.45,9.48,11.81,"ADANIENT,"
Redington Ltd.,REDINGTON,Trading,16847.24,2,2024-03,2806.96,18033.53,2024-03,89345.71,1238.61,2024-03,13.82,0.58,2.23,2,2023-03,0.45,22.66,26.58,"REDINGTON,"
Honasa Consumer Ltd.,HONASA,Trading,15516.7,2,2024-03,,15031.05,2024-03,1919.9,110.53,2024-03,138.82,,14.17,2,2023-03,0.01,0,-20.38,"HONASA,"
MMTC Ltd.,MMTC,Trading,12799.5,2,2024-03,153.12,11624.82,2024-03,5.34,68.21,2024-03,66.6,2.58,7.87,2,2023-03,0.14,247.7,92.62,"MMTC,"
Entero Healthcare Solutions Ltd.,ENTERO,Trading,4932.19,2,2024-03,275.55,4314.56,2024-03,3922.31,39.8,2024-03,126.11,,3.01,2,2023-03,0.63,0,4.99,"ENTERO,"
Lloyds Enterprises Ltd.,512463,Trading,4449.9,2,2024-03,109.87,4380.67,2024-03,958.44,174.8,2024-03,37.85,1.05,2.68,2,2024-03,0.07,13.08,15.34,"512463,"
Optiemus Infracom Ltd.,OPTIEMUS,Trading,3201.61,2,2024-03,108.71,3280.27,2024-03,1527.72,52.19,2024-03,56.41,2.3,7.51,2,2023-03,0.14,11.75,14.55,"OPTIEMUS,"
Veritas (India) Ltd.,512229,Trading,3151.52,2,2024-03,48.07,3170.92,2024-03,3854.54,186.85,2024-03,16.87,2.43,1.26,2,2023-03,0.1,4.3,4.59,"512229,"
EFC (I) Ltd.,512008,Trading,2930.6,2,2024-03,128.85,2885.28,2024-03,419.46,63.3,2024-03,50.54,,6.87,2,2023-03,0.83,10.73,32.82,"512008,"
Jeena Sikho Lifecare Ltd.,JSLL,Trading,2751.15,1,2024-03,0.54,2751.69,2024-03,324.41,69.21,2024-03,39.75,,20.1,2,2023-03,0.01,41.31,53.05,"JSLL,"
Rashi Peripherals Ltd.,RPTECH,Trading,2702.87,2,2024-03,685.76,3243.61,2024-03,11094.7,143.86,2024-03,19.14,,1.74,2,2023-03,1.52,19.35,15.77,"RPTECH,"
SIRCA Paints India Ltd.,SIRCA,Trading,1896.38,2,2024-03,,1826.73,2024-03,311.72,51.43,2024-03,36.87,,6.14,2,2023-03,0,18.8,25.33,"SIRCA,"
Spacenet Enterprises India Ltd.,SPCENET,Trading,1787.51,2,2024-03,0.89,1788.4,2024-03,128.21,10.68,2024-03,171.25,8.99,14.84,2,2023-03,0.01,7.29,6.29,"SPCENET,"
The Yamuna Syndicate Ltd.,540980,Trading,1748.02,2,2024-03,,1710.93,2024-03,64.02,14.6,2024-03,14.07,3.98,1.47,2,2023-03,0,0.22,0.29,"540980,"
Tinna Trade Ltd.,541741,Trading,1716.07,1,2024-03,32.74,1739.33,2024-03,246.01,0.11,2024-03,0,,6.38,1,2023-03,0.95,-9.35,3.6,"541741,"
Polo Queen Industrial & Fintech Ltd.,540717,Trading,1518.93,2,2024-03,14.64,1532.89,2024-03,68.44,2.88,2024-03,528.51,28.95,9.22,2,2023-03,0.09,1.46,3.09,"540717,"
India Motor Parts & Accessories Ltd.,IMPAL,Trading,1422.72,2,2024-03,0,1378.96,2024-03,741.16,73.91,2024-03,19.25,1.56,0.69,2,2024-03,0,4.3,5.3,"IMPAL,"
TCC Concept Ltd.,512038,Trading,1395.64,1,2024-03,3.56,1399.21,2024-03,4.8,0.59,2024-03,0,0,6.6,1,2023-03,0.01,38.33,51.11,"512038,"
Meson Valves India Ltd.,543982,Trading,1329.7,1,2024-03,5.61,1332.01,2024-03,63.14,9.05,2024-03,146.88,,25.99,1,2023-03,0.61,42.74,32.84,"543982,"
Kamdhenu Ventures Ltd.,KAMOPAINTS,Trading,1266.85,2,2024-03,19.72,1278.06,2024-03,291.71,13.86,2024-03,91.44,,7.95,2,2023-03,0.69,-28,-7.03,"KAMOPAINTS,"
Uniphos Enterprises Ltd.,UNIENTER,Trading,1210.1,1,2024-03,,1162.59,2024-03,50.65,38.61,2024-03,31.34,1.81,0.58,1,2023-03,0,1.33,1.35,"UNIENTER,"
Zuari Industries Ltd.,ZUARIIND,Trading,1164.74,2,2024-03,2366.61,2846.75,2024-03,837.8,682.26,2024-03,1.63,0.03,0.3,2,2023-03,1.09,11.37,10.78,"ZUARIIND,"
Manoj Vaibhav Gems 'N' Jewellers Ltd.,MVGJL,Trading,1108.59,1,2024-03,404.51,1337.52,2024-03,2149.67,80.93,2024-03,13.7,0.44,1.78,1,2023-03,1.34,23.19,18.31,"MVGJL,"
The State Trading Corporation Of India Ltd.,STCINDIA,Trading,1101.3,2,2024-03,1981.26,2881.13,2024-03,0,51.07,2024-03,21.56,1.37,-0.2,2,2023-03,-0.36,0,0,"STCINDIA,"
Credo Brands Marketing Ltd.,MUFTI,Trading,1091.4,2,2024-03,37.54,1126.44,2024-03,567.33,59.2,2024-03,18.44,,3.19,2,2023-03,0.04,30.14,44.97,"MUFTI,"
Khazanchi Jewellers Ltd.,543953,Trading,1024.52,1,2024-03,54.8,1079.32,2024-03,820.78,27.32,2024-03,37.5,,5.49,1,2023-03,2.35,23.36,14.33,"543953,"
Sakuma Exports Ltd.,SAKUMA,Trading,1002.4,2,2024-03,98.69,1075.34,2024-03,2124.66,39.97,2024-03,25.08,,1.47,2,2024-03,0.2,8.93,10.06,"SAKUMA,"
Hexa Tradex Ltd.,HEXATRADEX,Trading,967.33,2,2024-03,45.52,1012.86,2024-03,130.12,92.29,2024-03,10.48,,0.25,2,2023-03,0.26,-1.11,-0.23,"HEXATRADEX,"
Vasa Denticity Ltd.,DENTALKART,Trading,951.04,1,2024-03,0.08,951.12,2024-03,171.88,15.08,2024-03,63.07,,50.05,1,2023-03,0.06,70.53,80.11,"DENTALKART,"
Vintage Coffee & Beverages Ltd.,538920,Trading,899.38,2,2024-03,96.68,996.07,2024-03,131.04,11.98,2024-03,75.06,,3.77,2,2023-03,1.13,4.37,5.59,"538920,"
Remedium Lifecare Ltd.,539561,Trading,844.3,1,2024-03,57.7,900.48,2024-03,4041.71,26.83,2024-03,25.8,0.06,4.91,1,2024-03,1.34,122.76,99.51,"539561,"
Vinyl Chemicals (India) Ltd.,VINYLINDIA,Trading,768.69,1,2024-03,0.49,762.99,2024-03,597.01,21.84,2024-03,35.2,1.41,6.77,1,2023-03,0,34.06,46.41,"VINYLINDIA,"
Macfos Ltd.,543787,Trading,713.8,1,2024-03,8.14,721.94,2024-03,125.13,10.88,2024-03,65.6,,13.63,1,2023-03,0.39,57.95,58.08,"543787,"
Shankar Lal Rampal Dye-Chem Ltd.,542232,Trading,705.23,1,2024-03,6.2,707.87,2024-03,287.73,6.57,2024-03,108.9,1.45,7.15,1,2023-03,0.17,18.81,21.78,"542232,"
Nupur Recyclers Ltd.,NRL,Trading,658.18,2,2024-03,13.47,671.65,2024-03,240.08,8.62,2024-03,91.31,,6.29,2,2023-03,0,20.47,26.22,"NRL,"
Cellecor Gadgets Ltd.,CELLECOR,Trading,654.61,1,2024-03,74.74,729.36,2024-03,500.45,16.1,2024-03,40.67,,6.9,1,2023-03,1.51,99.48,66.84,"CELLECOR,"
Manaksia Ltd.,MANAKSIA,Trading,643.68,2,2024-03,74.15,633.32,2024-03,701.54,78.7,2024-03,8.52,3.55,1.17,2,2023-03,0.05,9.86,17.2,"MANAKSIA,"
Oswal Agro Mills Ltd.,OSWALAGRO,Trading,615.06,2,2024-03,,539.47,2024-03,1.45,1.75,2024-03,134.5,,0.73,2,2023-03,0,1.14,1.97,"OSWALAGRO,"
Kothari Products Ltd.,KOTHARIPRO,Trading,555.99,2,2024-03,82.22,605.32,2024-03,992.37,19.26,2024-03,17.11,,0.46,2,2023-03,0.24,0.46,1.56,"KOTHARIPRO,"
GP Eco Solutions India Ltd.,GPECO,Trading,462.17,1,2023-03,13.17,475.27,,,,2023-03,124.97,,8.85,1,2023-03,1.6,57.79,41.77,"GPECO,"
Riddhi Siddhi Gluco Biols Ltd.,524480,Trading,441.33,2,2024-03,70.54,511.58,2024-03,267.98,57.19,2024-03,9.45,,0.29,2,2023-03,0.06,2.27,3.53,"524480,"
Esconet Technologies Ltd.,ESCONET,Trading,427.16,1,2024-03,2.34,429.5,2024-03,137.48,5.3,2024-03,80.63,,9.89,2,2023-03,1.99,57.46,35.01,"ESCONET,"
Aerpace Industries Ltd.,534733,Trading,422.18,1,2024-03,,422.18,2024-03,1.18,-1.27,2024-03,0,0,32.93,1,2023-03,0.07,3.68,6.88,"534733,"
Shiv Aum Steels Ltd.,SHIVAUM,Trading,408.01,1,2024-03,69.15,477.16,2024-03,547.53,10.17,2024-03,40.13,1.89,4.26,1,2023-03,0.61,16.16,17.37,"SHIVAUM,"
Dynamic Services & Security Ltd.,DYNAMIC,Trading,401.08,1,2024-03,25.48,426.56,2024-03,104.44,8.56,2024-03,46.84,,4.58,2,2023-03,0.33,18.26,20.06,"DYNAMIC,"
A-1 Acid Ltd.,542012,Trading,399.34,2,2024-03,10.74,403.44,2024-03,206.14,1.47,2024-03,364.36,,8.36,2,2023-03,0.29,7.74,9.86,"542012,"
Newjaisa Technologies Ltd.,NEWJAISA,Trading,392.96,1,2024-03,7.57,400.53,2024-03,61.73,6.32,2024-03,62.21,,5.98,1,2023-03,0.8,114.05,82.76,"NEWJAISA,"
Northern Spirits Ltd.,542628,Trading,318.62,1,2024-03,137.75,439.38,2024-03,1235.31,16.57,2024-03,19.22,0.31,3.84,1,2023-03,1.14,14.3,14.25,"542628,"
Uma Exports Ltd.,UMAEXPORTS,Trading,292.66,2,2024-03,121.85,383.09,2024-03,1532.43,10.18,2024-03,28.75,,1.54,2,2023-03,0.61,20.45,20.31,"UMAEXPORTS,"
Rajnish Retail Ltd.,530525,Trading,288.19,1,2024-03,0.04,288.23,2024-03,6.28,0.29,2024-03,845.14,,4.15,1,2023-03,0.02,-9.34,-9.52,"530525,"
Equippp Social Impact Technologies Ltd.,EQUIPPP,Trading,287.43,2,2024-03,1.99,289.42,2024-03,1.87,-0.28,2024-03,0,,42.68,2,2023-03,0.2,3.93,4.32,"EQUIPPP,"
Evexia Lifecare Ltd.,524444,Trading,267.68,2,2024-03,686.26,953.95,2024-03,56.29,1.26,2024-03,194.4,14.54,1.29,2,2023-03,8.5,0.86,0.48,"524444,"
Sicagen India Ltd.,533014,Trading,260.22,2,2024-03,104.13,318.46,2024-03,795.45,10.49,2024-03,24.81,0.42,0.57,2,2023-03,0.24,4.14,5.82,"533014,"
Signet Industries Ltd.,SIGIND,Trading,256.69,1,2024-03,335.31,575.45,2024-03,1213.04,15.45,2024-03,16.61,,1.17,1,2023-03,1.5,6.5,12.42,"SIGIND,"
Maximus International Ltd.,540401,Trading,256.13,2,2024-03,17.65,272.08,2024-03,108.83,7.99,2024-03,32.32,0.89,5.74,2,2023-03,0.29,25.06,25.94,"540401,"
QMS Medical Allied Services Ltd.,QMSMEDI,Trading,253.74,1,2024-03,34.55,288.28,2024-03,122.13,9,2024-03,28.18,,3.23,1,2023-03,0.36,12.58,13.83,"QMSMEDI,"
Sizemasters Technology Ltd.,513496,Trading,252.3,1,2024-03,2.28,245.06,2024-03,10.94,2.33,2024-03,108.14,4.04,20.86,1,2023-03,0.03,1.8,2.5,"513496,"
Jullundur Motor Agency (Delhi) Ltd.,JMA,Trading,249.9,2,2024-03,,229.35,2024-03,533.95,26.01,2024-03,9.76,0.6,1.1,2,2023-03,0,14.15,19,"JMA,"
Shradha AI Technologies Ltd.,543976,Trading,234.3,1,2024-03,0,224.15,2024-03,17.27,6.39,2024-03,36.66,,4.41,1,2024-03,0,13.14,17.82,"543976,"
Halder Venture Ltd.,539854,Trading,226.62,1,2024-03,44.66,271.19,2024-03,94.47,1.27,2024-03,172.99,17.32,41.77,2,2023-03,3.69,11.57,8.35,"539854,"
Kck Industries Ltd.,KCK,Trading,211.66,1,2024-03,23.06,234.72,2024-03,76.7,1.6,2024-03,132.7,,10.32,1,2023-03,3.64,16.01,9.68,"KCK,"
Anmol India Ltd.,ANMOL,Trading,202.67,1,2024-03,85.3,287.97,2024-03,1501.24,20.9,2024-03,9.7,0.22,2.03,1,2023-03,3.74,26.75,11.74,"ANMOL,"
Dhoot Industrial Finance Ltd.,526971,Trading,197.09,1,2024-03,63.66,260.75,2024-03,32.58,148.06,2024-03,1.33,0.04,0.46,1,2023-03,0.26,3.29,3.42,"526971,"
Aarnav Fashions Ltd.,539562,Trading,195.56,1,2024-03,109.25,300.88,2024-03,356.49,5.62,2024-03,34.82,1.3,1.09,1,2023-03,0.74,0.22,3.97,"539562,"
Metroglobal Ltd.,500159,Trading,188.96,2,2024-03,29.83,208.97,2024-03,234.79,15.89,2024-03,11.6,8.45,0.51,2,2023-03,0.03,5.72,7.37,"500159,"
Khemani Distributors & Marketing Ltd.,539788,Trading,185.63,1,2024-03,4.36,189.99,2024-03,97.94,31.13,2023-03,35.66,2.99,3.82,1,2023-03,0.22,11.3,12.55,"539788,"
ABans Enterprises Ltd.,512165,Trading,182.74,2,2024-03,155.03,321.19,2024-03,1771.45,9.76,2024-03,19.68,,0.98,2,2023-03,0.51,9.34,8.4,"512165,"
Standard Industries Ltd.,SIL,Trading,174.01,2,2024-03,20.77,187.38,2024-03,26.9,-0.13,2024-03,0,0,1.28,2,2023-03,0.17,15,17.79,"SIL,"
Parshva Enterprises Ltd.,542694,Trading,173.23,2,2024-03,1.02,174.16,2024-03,25.12,0.26,2024-03,676.66,,12.9,2,2024-03,0.08,2.14,3.64,"542694,"
Eyantra ventures Ltd.,512099,Trading,172.84,1,2024-03,,168.91,2024-03,14.06,0.75,2024-03,232.31,6.68,13.94,1,2023-03,0,28.62,36.9,"512099,"
Aspire & Innovative Advertising Ltd.,ASPIRE,Trading,172.8,1,2024-03,13.05,185.85,2024-03,383.99,9.31,2024-03,18.55,,3.64,1,2023-03,0.57,41.29,42.57,"ASPIRE,"
WH Brady & Company Ltd.,501391,Trading,161.93,2,2024-03,5.29,160.16,2024-03,89.48,11.26,2024-03,18.07,0.39,2.67,2,2023-03,0.12,14.24,18.19,"501391,"
AKM Creations Ltd.,540718,Trading,159.59,1,2024-03,0,158.19,2024-03,7.33,0.26,2024-03,608.44,7.49,7.03,1,2024-03,0,1.79,1.34,"540718,"
Rishiroop Ltd.,526492,Trading,159.49,1,2024-03,,157.13,2024-03,76.67,24.16,2024-03,6.6,103.81,1.3,1,2023-03,0,8.35,11.4,"526492,"
Lahoti Overseas Ltd.,531842,Trading,155.63,2,2024-03,10.33,165.96,2024-03,487.54,12.07,2024-03,12.9,0.37,0.82,2,2023-03,0.05,9.31,10.77,"531842,"
Sumuka Agro Industries Ltd.,532070,Trading,142.11,1,2024-03,0.56,142.67,2024-03,54.96,4.26,2024-03,33.37,0.6,10.51,1,2023-03,0.06,42.34,51.74,"532070,"
Goyal Aluminiums Ltd.,GOYALALUM,Trading,138.31,2,2024-03,1.56,139.87,2024-03,68.46,2.32,2024-03,54.05,,7.92,2,2023-03,0.08,13.12,18.4,"GOYALALUM,"
Cosco (India) Ltd.,530545,Trading,134.05,1,2024-03,56.2,190.25,2024-03,176.55,3.21,2024-03,41.8,,2.77,1,2023-03,1.13,1.47,6.22,"530545,"
Ausom Enterprise Ltd.,AUSOMENT,Trading,129.76,2,2024-03,3.3,131.34,2024-03,968.35,8.44,2024-03,14.17,,1.04,2,2023-03,0.47,1.03,2.08,"AUSOMENT,"
Alstone Textiles (India) Ltd.,539277,Trading,118.56,1,2024-03,500,618.52,2024-03,4.85,4.17,2024-03,28.48,0.12,0.78,1,2023-03,0,17.98,17.96,"539277,"
MRP Agro Ltd.,543262,Trading,115.41,1,2024-03,1.8,117.2,2024-03,43.2,1,2024-03,115.75,,8.91,1,2023-03,0.05,3.88,5.55,"543262,"
Manoj Ceramic Ltd.,544073,Trading,112.3,1,2024-03,57.12,169.42,2024-03,95.92,6.08,2024-03,18.47,,3.8,1,2023-03,3.86,41.24,18.09,"544073,"
Bhilwara Spinners Ltd.,514272,Trading,111.36,1,2024-03,52.82,164.18,2024-03,9.4,1.73,2024-03,64.22,,2.55,1,2023-03,0,10.18,12.42,"514272,"
Kemp & Company Ltd.,506530,Trading,110.3,1,2024-03,,110.12,2024-03,2.95,-0.25,2024-03,0,,0.52,1,2023-03,0,0.45,0.5,"506530,"
IFL Enterprises Ltd.,540377,Trading,109.57,2,2024-03,0.2,109.77,2024-03,8.24,0.85,2024-03,129.67,,1.46,2,2023-03,0,2.07,2.88,"540377,"
Thacker & Company Ltd.,509945,Trading,108.99,2,2024-03,0.33,108.5,2024-03,5.27,1.9,2024-03,6.03,0.13,0.88,2,2024-03,0,1.7,2.9,"509945,"
Cravatex Ltd.,509472,Trading,108.1,2,2024-03,,32.05,2024-03,202.63,4.83,2024-03,22.39,,1.09,2,2023-03,0,276.7,68.8,"509472,"
Healthy Life Agritec Ltd.,543546,Trading,105.45,1,2024-03,2.51,107.97,2024-03,52.37,1.49,2024-03,70.77,,3.77,2,2023-03,0.05,8.56,11.7,"543546,"
Filtra Consultants and Engineers Ltd.,539098,Trading,101.97,1,2024-03,0,97.6,2024-03,99.76,3.57,2024-03,28.55,2.01,4.29,1,2024-03,0,16.28,21.65,"539098,"
Stratmont Industries Ltd.,530495,Trading,100.6,1,2024-03,27.98,128.58,2024-03,87.25,0.76,2024-03,132.37,8.6,3.44,1,2023-03,3.47,33.33,19.33,"530495,"
Rama Vision Ltd.,523289,Trading,99.52,1,2024-03,17.53,116.75,2024-03,89.57,3.39,2024-03,29.38,0.68,3.52,1,2023-03,0.45,12.31,14.34,"523289,"
Excel Realty N Infra Ltd.,533090,Trading,97.34,2,2024-03,0.04,97.38,2024-03,2.58,0.97,2024-03,100.56,,0.56,2,2023-03,0,-0.2,-0.14,"533090,"
Synoptics Technologies Ltd.,SYNOPTICS,Trading,95.78,1,2024-03,20.29,116.07,2024-03,43.24,6,2024-03,15.95,,1.46,2,2023-03,0.86,29.85,27.52,"SYNOPTICS,"
Yarn Syndicate Ltd.,514378,Trading,89.83,1,2024-03,2.57,92.4,2024-03,2.48,0.08,2024-03,0,,2.74,1,2023-03,-1.03,0,-106.99,"514378,"
Siddhika Coatings Ltd.,SIDDHIKA,Trading,89.6,1,2024-03,0,82.1,2024-03,36.82,4.44,2024-03,20.17,2.75,3.07,2,2024-03,0,17.31,24.48,"SIDDHIKA,"
Amrapali Industries Ltd.,526241,Trading,88.53,1,2024-03,62.97,151.5,2024-03,27300.89,0.67,2024-03,98.69,5.74,2.87,1,2023-03,3.1,2.4,5.81,"526241,"
Prospect Commodities Ltd.,543814,Trading,87.97,1,2024-03,2.82,90.8,2024-03,24.27,1.73,2024-03,50.97,,4.84,1,2023-03,0.11,10.03,18.52,"543814,"
Le Lavoir Ltd.,539814,Trading,87.74,1,2024-03,,87.74,2024-03,2.17,1.03,2024-03,84.69,1.37,14.71,1,2023-03,0.12,12.23,13.98,"539814,"
Ganesha Ecoverse Ltd.,539041,Trading,85.97,1,2024-03,18.86,104.83,2024-03,5.92,4.23,2024-03,20.32,,7.8,1,2023-03,0.09,-19.6,-10.12,"539041,"
Achyut Healthcare Ltd.,543499,Trading,84.13,1,2024-03,,84.13,2024-03,6.14,0.57,2024-03,146.56,,2.41,1,2023-03,0,1.96,2.64,"543499,"
Slone Infosystems Ltd.,SLONE,Trading,83.43,1,2024-03,1.57,85,2024-03,60.69,4.19,2024-03,19.93,,3.44,1,2023-03,1.33,36.34,24.98,"SLONE,"
Shrenik Ltd.,SHRENIK,Trading,80.78,1,2024-03,124.24,205.03,2024-03,34.19,-108.95,2024-03,0,,-1.63,1,2023-03,2.47,0.39,1.57,"SHRENIK,"
Balgopal Commercial Ltd.,539834,Trading,78.59,1,2024-03,,78.59,2024-03,17.05,13.17,2024-03,5.97,0.29,2.72,1,2023-03,0,1.12,0.89,"539834,"
Sunrise Efficient Marketing Ltd.,543515,Trading,78.09,1,2024-03,7.35,85.45,2024-03,110.74,8.11,2024-03,9.63,,1.85,1,2023-03,0.25,39.36,37.92,"543515,"
Dhanalaxmi Roto Spinners Ltd.,521216,Trading,77.89,1,2024-03,1.37,40.58,2024-03,196.6,13.07,2024-03,5.96,0.17,1.63,1,2024-03,0.03,31.4,42.21,"521216,"
UR Sugar Industries Ltd.,539097,Trading,76.33,1,2024-03,,59.64,2024-03,0,0.56,2024-03,137.05,,4.19,1,2023-03,0.01,-1.23,-1.24,"539097,"
Silkflex Polymers (India) Ltd.,SILKFLEX,Trading,76.26,1,2024-03,16.91,93.17,2024-03,59.58,3.93,2024-03,19.4,,2.39,1,2023-03,1.48,10.11,11.7,"SILKFLEX,"
Shree Marutinandan Tubes Ltd.,544083,Trading,76.12,1,2024-03,5.9,82.02,2024-03,91.78,2.63,2024-03,28.94,,3.96,1,2023-03,2.68,120.92,40.52,"544083,"
Royal Sense Ltd.,544143,Trading,74.6,1,,,74.6,2024-03,18.96,1.71,2024-03,43.63,,,1,-0,,,,"544143,"
Cerebra Integrated Technologies Ltd.,CEREBRAINT,Trading,72.23,2,2024-03,39.07,110.25,2024-03,51.98,-49.86,2024-03,0,,0.34,2,2023-03,0.16,0.97,3.27,"CEREBRAINT,"
Franklin Industries Ltd.,540190,Trading,70.85,1,2024-03,0.25,71.1,2024-03,50.58,10.46,2024-03,6.77,0.08,1.33,1,2023-03,0.01,5.37,7.24,"540190,"
Mono Pharmacare Ltd.,MONOPHARMA,Trading,69.79,1,2024-03,13.27,83.06,2024-03,70.72,2.44,2024-03,28.58,,2.47,2,2023-03,2.92,6.91,4.19,"MONOPHARMA,"
Omnitex Industries (India) Ltd.,514324,Trading,68.95,1,2024-03,,68.95,2024-03,1.69,3.51,2024-03,19.6,,0.54,1,2023-03,0,-3.79,-3.36,"514324,"
Anand Rayons Ltd.,542721,Trading,68.73,1,2024-03,28.99,97.72,2024-03,343.43,4.23,2024-03,21.95,,1.9,1,2023-03,0.96,10,11.29,"542721,"
AKG Exim Ltd.,AKG,Trading,68.29,2,2024-03,14.17,82.46,2024-03,183.73,1.48,2024-03,42.52,,1.3,2,2023-03,0.24,6.7,8.55,"AKG,"
Binny Mills Ltd.,535620,Trading,66.34,1,2024-03,140.71,207.05,2024-03,6.98,-14.5,2023-12,0,0,-0.38,1,2023-03,-0.84,0,0,"535620,"
Johnson Pharmacare Ltd.,532154,Trading,66,1,2024-03,1.95,67.95,2024-03,0,-0.2,2024-03,0,,1.16,1,2023-03,0.03,-2.24,-2.26,"532154,"
Astal Laboratories Ltd.,512600,Trading,65.39,1,2024-03,0.31,65.7,2024-03,23.65,1.09,2024-03,83.3,2.38,2.8,1,2023-03,0,0.32,0.62,"512600,"
Cell Point (India) Ltd.,CELLPOINT,Trading,65.21,1,2024-03,48.79,114,2024-03,321.23,1.69,2024-03,38.52,,0.9,1,2023-03,2.78,40.22,26.08,"CELLPOINT,"
Aeonx Digital Technology Ltd.,524594,Trading,64.4,2,2024-03,0.16,53.55,2024-03,34.31,2.73,2024-03,23.59,,1.35,2,2023-03,0,5.33,6.83,"524594,"
Mittal Life Style Ltd.,MITTAL,Trading,63.33,1,2024-03,0.78,63.54,2024-03,67.38,1.6,2024-03,36.91,14.53,1.94,1,2024-03,0.02,5.39,6.91,"MITTAL,"
Rose Merc. Ltd.,512115,Trading,62.93,1,2024-03,0.07,63,2024-03,2.97,0.13,2024-03,327.77,,3.05,1,2023-03,0.01,-4.21,-3.74,"512115,"
Pearl Green Clubs And Resorts Ltd.,543540,Trading,61.35,1,2023-09,,61.35,2023-03,9.57,0.18,2023-03,347.21,,1.22,1,2023-03,0,1.34,1.87,"543540,"
Ashnisha Industries Ltd.,541702,Trading,60.5,2,2024-03,3.77,64.27,2024-03,12.48,0.96,2024-03,63.28,0.25,1,2,2023-03,0.03,1.78,2.19,"541702,"
ABM International Ltd.,ABMINTLLTD,Trading,59.27,2,2024-03,10.05,69.32,2024-03,93.64,-3.43,2024-03,0,,4.02,2,2023-03,0,-31.31,-40.48,"ABMINTLLTD,"
AA Plus Tradelink Ltd.,543319,Trading,58.57,1,2024-03,1.33,59.9,2024-03,19.95,0.51,2024-03,114.84,,1.39,1,2022-03,0.27,1.98,2.57,"543319,"
Goblin India Ltd.,542850,Trading,57.07,1,2024-03,21.45,78.52,2024-03,30.8,1.73,2024-03,33.03,,1.56,2,2023-03,0.86,6.07,8.64,"542850,"
Visaman Global Sales Ltd.,VISAMAN,Trading,56.15,1,2023-03,43.46,99.43,,,,2023-03,49.54,,1.93,1,2023-03,4.37,13.7,16.52,"VISAMAN,"
Yash Chemex Ltd.,539939,Trading,55.11,2,2024-03,9.92,63.73,2024-03,94.91,0.33,2024-03,0,0,1.55,2,2023-03,0.36,13.89,15.64,"539939,"
Tirupati Tyres Ltd.,539040,Trading,55.05,1,2024-03,,55.05,2024-03,0,0.09,2024-03,625.53,3.67,1.02,1,2023-03,0,0.78,0.78,"539040,"
Shine Fashion (India) Ltd.,543244,Trading,55.05,1,2024-03,0.81,55.86,2024-03,52.89,3.88,2024-03,14.19,,5.47,2,2023-03,0.32,16.7,19.23,"543244,"
Agarwal Float Glass India Ltd.,AGARWALFT,Trading,53.17,1,2024-03,13.23,66.39,2024-03,78.91,0.19,2024-03,274.06,,3.44,1,2023-03,0.59,26.53,23.5,"AGARWALFT,"
Mishka Exim Ltd.,539220,Trading,52.81,2,2024-03,0.03,52.84,2024-03,4.07,0.24,2024-03,210.42,,2.44,2,2023-03,0.02,-2.11,-2.53,"539220,"
Ashoka Metcast Ltd.,ASHOKAMET,Trading,50.99,2,2024-03,15.79,66.78,2024-03,66.25,4.8,2024-03,10.64,0.07,0.49,2,2023-03,0.16,4.55,5.38,"ASHOKAMET,"
Shanthala FMCG Products Ltd.,SHANTHALA,Trading,49.9,1,2024-03,0.18,50.08,2024-03,41.33,0.29,2024-03,170.31,,1.94,1,2023-03,3.13,13.22,11.39,"SHANTHALA,"
Fervent Synergies Ltd.,533896,Trading,49.77,1,2024-03,0,49.76,2024-03,24.31,-12.84,2024-03,0,,1.64,1,2024-03,0,-34.9,-34.8,"533896,"
Contil India Ltd.,531067,Trading,49.51,1,2024-03,,49.26,2024-03,28.24,1.41,2024-03,35.14,1.04,6.07,1,2023-03,0,8.85,12.65,"531067,"
Vasudhagama Enterprises Ltd.,539291,Trading,49.01,1,2024-03,1.22,50.23,2024-03,12.88,0.93,2024-03,52.81,,1.18,1,2023-03,0.03,-1.17,-0.97,"539291,"
Standard Batteries Ltd.,504180,Trading,48.55,1,2024-03,,48.27,2024-03,0,-0.05,2024-03,0,,76.2,1,2023-03,0,-159.25,-159.22,"504180,"
Manbro Industries Ltd.,512595,Trading,46.83,1,2024-03,,46.83,2024-03,24,0.24,2024-03,198.42,5.91,295.14,1,2023-03,-0.18,0,0,"512595,"
Medico Intercontinental Ltd.,539938,Trading,46.78,2,2024-03,4.85,51.63,2024-03,71.35,3.95,2024-03,11.85,0.07,1.04,2,2023-03,0.11,13.41,16.57,"539938,"
RR Metalmakers India Ltd.,531667,Trading,46.37,1,2024-03,17.04,59.18,2024-03,96.39,1.05,2024-03,44.08,,6.9,1,2023-03,3.8,-18.66,10.92,"531667,"
City Crops Agro Ltd.,544000,Trading,46.19,1,2024-03,0.02,46.21,2024-03,45.2,2.28,2024-03,20.26,,1.71,1,2023-03,0,10.31,11.96,"544000,"
Add-Shop E-Retail Ltd.,541865,Trading,45.84,1,2024-03,12.77,58.61,2024-03,203.06,3.16,2024-03,14.52,0.1,0.41,1,2023-03,0.01,26.35,38.05,"541865,"
Emergent Industrial Solutions Ltd.,506180,Trading,45.33,2,2024-03,,16.89,2024-03,357.22,1.72,2024-03,26.46,0.71,1.89,2,2023-03,0,6.47,8.71,"506180,"
Sawaca Business Machines Ltd.,531893,Trading,45.19,1,2024-03,0.68,45.87,2024-03,6.54,0.46,2024-03,97.4,3.26,0.77,1,2023-03,0.02,4.25,4.75,"531893,"
Prabhhans Industries Ltd.,530361,Trading,44.97,1,2024-03,4.91,49.88,2024-03,52.5,1.36,2024-03,33.09,0.38,6.08,1,2023-03,0.04,27.28,27.73,"530361,"
Chandra Prabhu International Ltd.,530309,Trading,44.38,1,2024-03,57.14,81.15,2024-03,854.83,0.77,2024-03,57.33,1.81,0.95,1,2023-03,0.64,18.71,19.4,"530309,"
Piotex Industries Ltd.,544178,Trading,43.38,1,2023-03,3.72,46.65,,,,2023-03,15.02,,1.79,1,2023-03,0.85,97.65,64.63,"544178,"
Hemang Resources Ltd.,531178,Trading,43.28,1,2024-03,1.86,45.15,2024-03,37.12,-1.09,2024-03,0,0,1.66,1,2023-03,0.13,32.36,42.35,"531178,"
Lesha Industries Ltd.,533602,Trading,42.79,1,2024-03,20.82,63.61,2024-03,11.48,7.19,2024-03,5.96,0.22,1.67,1,2023-03,0.01,1.07,0.94,"533602,"
Bizotic Commercial Ltd.,543926,Trading,41.16,1,2024-03,2.16,43.33,2024-03,71.43,3.08,2024-03,13.35,,0.74,1,2023-03,0.51,55.57,50.09,"543926,"
Tejassvi Aaharam Ltd.,531628,Trading,38.5,1,2024-03,5.2,43.7,2024-03,0,-0.84,2024-03,0,0,-7.26,1,2023-03,-0.99,0,0,"531628,"
Getalong Enterprise Ltd.,543372,Trading,38.3,1,2024-03,1.71,40.01,2024-03,1.7,1.56,2024-03,24.49,,3.83,2,2023-03,1.15,3.4,3.87,"543372,"
Beekay Niryat Ltd.,539546,Trading,37.18,2,2024-03,2.42,39.61,2024-03,21.06,0.92,2024-03,15.2,,0.87,2,2023-03,0.03,13.27,14.48,"539546,"
Sai Swami Metals & Alloys Ltd.,544170,Trading,36.4,1,2024-03,3.58,39.98,2024-03,16.32,1.05,2024-03,34.57,,1.81,2,2023-03,19.12,10.84,0.54,"544170,"
Grandma Trading & Agencies Ltd.,504369,Trading,36.31,1,2024-03,0.02,36.33,2024-03,0.13,-0.02,2024-03,0,,23.84,1,2023-03,0.01,229.46,226.54,"504369,"
AG Universal Ltd.,AGUL,Trading,35.65,1,2024-03,15.47,51.12,2024-03,78.37,1.92,2024-03,18.58,,2.05,1,2023-03,2.46,24.73,14.1,"AGUL,"
Madhusudan Industries Ltd.,515059,Trading,34.86,1,2024-03,,24.77,2024-03,1.22,2.32,2024-03,15.03,0.85,1.21,1,2023-03,0,9.71,13.65,"515059,"
Ushdev International Ltd.,511736,Trading,34.86,2,2024-03,2502.95,2505.48,2024-03,15.03,-9.74,2024-03,0,0,-0.01,2,2023-03,-0.78,0,0,"511736,"
Northlink Fiscal and Capital Services Ltd.,539110,Trading,34.79,1,2024-03,,34.79,2024-03,0.6,-0.13,2024-03,0,0,5.96,1,2023-03,0.02,0.97,0.72,"539110,"
Arman Holdings Ltd.,538556,Trading,34.76,1,2024-03,,34.76,2024-03,4.39,0.02,2024-03,0,0,5.74,1,2023-03,0,0.33,0.46,"538556,"
KCD Industries India Ltd.,540696,Trading,34.47,1,2024-03,,34.42,2024-03,19.3,2.57,2024-03,13.49,0.09,0.79,1,2023-03,0,38.41,39.61,"540696,"
Fortune International Ltd.,530213,Trading,34.03,2,2024-03,0.43,34.46,2024-03,0,-0.35,2024-03,6.74,0.3,0.87,2,2023-03,0.01,-1.45,-0.49,"530213,"
Scarnose International Ltd.,543537,Trading,33.91,1,2024-03,0,33.76,2024-03,13.86,0.01,2024-03,0,,3.55,1,2024-03,0,0.1,0.15,"543537,"
Asian Tea & Exports Ltd.,519532,Trading,33.8,2,2024-03,24.57,58.37,2024-03,41.89,0.1,2024-03,352.08,38.48,0.58,2,2023-03,0.44,2.49,4.75,"519532,"
Danube Industries Ltd.,540361,Trading,32.94,1,2024-03,9.77,42.71,2024-03,87.03,0.97,2024-03,33.82,0.48,1.99,1,2023-03,1.25,5.03,5.86,"540361,"
Laffans Petrochemicals Ltd.,524522,Trading,32,1,2024-03,0.38,32.37,2024-03,6.06,2.61,2024-03,12.29,0.32,0.52,1,2024-03,0.01,4.32,6.34,"524522,"
Sinnar Bidi Udyog Ltd.,509887,Trading,31.68,2,2024-03,,31.68,2024-03,4.8,0.12,2024-03,264,6.78,7.03,2,2023-03,0,10.79,11.55,"509887,"
Roni Households Ltd.,542145,Trading,30.69,1,2024-03,4.17,34.86,2024-03,7.68,0.58,2024-03,52.82,,1.97,2,2023-03,0.19,1.4,4,"542145,"
Innovative Ideals And Services (India) Ltd.,541983,Trading,30.33,1,2024-03,19.63,49.96,2024-03,0.25,-2.46,2024-03,0,,6.34,1,2023-03,3.79,-86.17,-36.06,"541983,"
Naturo Indiabull Ltd.,543579,Trading,30.09,1,2024-03,12.15,42.24,2024-03,41.88,0.99,2024-03,30.3,0.1,0.81,1,2023-03,0.14,5.65,7.15,"543579,"
Brisk Technovision Ltd.,544101,Trading,29,1,2024-03,,29,2024-03,26.86,2,2024-03,14.47,,1.7,1,2023-03,0.03,50.6,65.54,"544101,"
Zenlabs Ethica Ltd.,530697,Trading,28.85,1,2024-03,12.99,40.92,2024-03,58.56,0.42,2024-03,68.7,,2.88,1,2023-03,0.31,5.14,10.34,"530697,"
Sanblue Corporation Ltd.,521222,Trading,27.8,1,2024-03,,27.8,2024-03,1.4,0.25,2024-03,109.87,2.03,0.49,1,2023-03,0,1.68,1.66,"521222,"
Sunrest Lifescience Ltd.,SUNREST,Trading,26.84,1,2024-03,6.16,33,2024-03,29.48,0.23,2024-03,118.24,,1.92,1,2023-03,0.69,97.59,58.59,"SUNREST,"
NMS Global Ltd.,522289,Trading,26.8,2,2024-03,20.58,45.85,2024-03,23.7,0.17,2024-03,80.24,,3.16,2,2023-03,6.23,22.56,4.91,"522289,"
Sobhagya Mercantile Ltd.,512014,Trading,26.36,1,2024-03,13.66,37.06,2024-03,120.11,11.55,2024-03,2.28,0.01,0.42,1,2023-03,0.19,35.5,44.15,"512014,"
White Organic Agro Ltd.,513713,Trading,26,1,2024-03,,25.42,2024-03,33.45,1.17,2024-03,22.19,,0.45,1,2023-03,0.23,2.28,4.28,"513713,"
Tai Industries Ltd.,519483,Trading,25.79,1,2024-03,1.78,24.07,2024-03,147.78,1.41,2024-03,18.32,0.29,0.89,1,2023-03,0,18.71,26.15,"519483,"
EVOQ Remedies Ltd.,543500,Trading,25.47,1,2024-03,4.24,29.71,2024-03,4.05,0.45,2024-03,56.36,,0.59,1,2023-03,0.39,6.75,6.96,"543500,"
RO Jewels Ltd.,543171,Trading,25.27,1,2024-03,6.59,31.86,2024-03,366.32,0.92,2024-03,27.38,,1.93,1,2023-03,0.15,18.12,20.41,"543171,"
Mihika Industries Ltd.,538895,Trading,23.76,1,2024-03,0.01,23.77,2024-03,6.2,0.18,2024-03,128.43,,1.09,1,2023-03,0,-10.57,-14.18,"538895,"
Veerkrupa Jewellers Ltd.,543545,Trading,23.72,1,2024-03,1.92,25.64,2024-03,13.85,0.24,2024-03,97.22,,1.3,1,2023-03,0.09,0.46,0.67,"543545,"
Nanavati Ventures Ltd.,543522,Trading,23.4,1,2024-03,,23.4,2024-03,25.83,0.19,2024-03,120.6,0.37,2.43,1,2023-03,0,1.17,1.63,"543522,"
Jaihind Synthetics Ltd.,514312,Trading,22.79,1,2024-03,0.95,23.73,2024-03,0.2,0.02,2024-03,0,,1.64,1,2022-03,0.05,0.1,0.13,"514312,"
Sarthak Industries Ltd.,531930,Trading,22.75,1,2024-03,1.76,22.2,2024-03,30.43,0.67,2024-03,33.7,,0.57,1,2023-03,0.08,1.94,4.63,"531930,"
OP Chains Ltd.,539116,Trading,22.36,1,2024-03,,22.36,2024-03,13.59,1.86,2023-03,9.68,0.08,0.69,1,2023-03,0,7.32,7.37,"539116,"
Reetech International Cargo and Courier Ltd.,543617,Trading,21.98,1,2024-03,,21.98,2024-03,29.27,1.01,2024-03,21.68,,1.56,2,2023-03,0.09,6.64,12.62,"543617,"
Diggi Multitrade Ltd.,540811,Trading,21.93,1,2024-03,,21.93,2024-03,0,-0.27,2024-03,0,0,2.05,1,2022-03,0,0.4,0.53,"540811,"
PALM Jewels Ltd.,541444,Trading,21.58,1,2023-09,2.7,24.28,2023-12,143.52,0.41,2023-12,52.5,1.87,1.48,1,2023-03,0.12,2.09,3.22,"541444,"
Gautam Exim Ltd.,540613,Trading,21.18,1,2024-03,9.87,31.04,2024-03,168.56,0.15,2024-03,142.12,,1.63,1,2023-03,1.11,2.9,6.72,"540613,"
Vaxtex Cotfab Ltd.,VCL,Trading,20.95,1,2023-09,7.06,28.01,2023-12,33.59,-7.98,2023-12,0,,0.78,1,2023-03,0.22,6.69,7.7,"VCL,"
Neeraj Paper Marketing Ltd.,539409,Trading,20.9,1,2024-03,25.41,45.85,2024-03,158.39,0.57,2024-03,36.54,,0.76,1,2023-03,0.99,1.92,5.46,"539409,"
South Asian Enterprises Ltd.,526477,Trading,20.79,2,2024-03,3.16,20.73,2024-03,5.17,-1.36,2024-03,0,,5.05,2,2023-03,0.43,-32.81,-22.65,"526477,"
Nyssa Corporation Ltd.,504378,Trading,20.46,2,2024-03,2.36,22.82,2024-03,7.83,2.34,2024-03,8.74,0.65,0.68,2,2023-03,0,2.71,3.64,"504378,"
Delta Industrial Resources Ltd.,539596,Trading,20.46,1,2024-03,,20.46,2024-03,0,-0.03,2024-03,0,0,4.18,1,2023-03,0,2.64,3.82,"539596,"
Patron Exim Ltd.,543798,Trading,20.28,1,2024-03,0.26,20.54,2024-03,6.58,0.67,2024-03,30.45,,0.53,1,2023-03,0,3.6,5.07,"543798,"
Vivanza Biosciences Ltd.,530057,Trading,20.24,2,2024-03,5.17,25.41,2024-03,27.83,0.55,2024-03,37,1.55,4.36,2,2023-03,1.95,15.78,10.91,"530057,"
Samyak International Ltd.,530025,Trading,19.99,2,2024-03,3.49,4.83,2024-03,48.49,5.11,2024-03,5.26,0.1,0.3,2,2023-03,0.06,4.46,4.96,"530025,"
Shree Metalloys Ltd.,531962,Trading,19.97,1,2024-03,,19.97,2024-03,94.54,0.51,2024-03,39.47,1.43,2.27,1,2023-03,0,7.77,11.32,"531962,"
Rajkamal Synthetics Ltd.,514028,Trading,19.82,1,2024-03,0.12,19.94,2024-03,0.4,0.15,2024-03,130.43,13.86,229.43,1,2023-03,-2.62,0,120.81,"514028,"
Dipna Pharmachem Ltd.,543594,Trading,19.55,1,2024-03,19.45,38.99,2024-03,164.34,1.09,2024-03,18,0.25,0.52,1,2023-03,0.65,6.99,9.58,"543594,"
Jyotirgamya Enterprises Ltd.,539246,Trading,19.5,1,2023-09,,19.5,2024-03,0,-0.01,2024-03,0,0,6.82,1,2023-03,0,0,0.04,"539246,"
Tavernier Resources Ltd.,531190,Trading,19.3,1,2024-03,,19.3,2024-03,1.42,-0.3,2024-03,0,,3.7,1,2023-03,0.56,-2.11,2.26,"531190,"
MRC Agrotech Ltd.,540809,Trading,19.24,1,2024-03,1.6,20.84,2024-03,14.66,1.1,2024-03,21.62,1.15,0.92,1,2023-03,0.02,2.71,3.57,"540809,"
Trimurthi Ltd.,536565,Trading,18.85,1,2024-03,,18.85,2024-03,4.22,0.01,2024-03,0,,2.08,1,2023-03,0,-0.83,-0.81,"536565,"
Lypsa Gems & Jewellery Ltd.,LYPSAGEMS,Trading,18.72,2,2024-03,,18.28,2024-03,9.48,-32.71,2024-03,0,,0.59,2,2023-03,0.09,-53.11,-47.55,"LYPSAGEMS,"
Nagarjuna Agri Tech Ltd.,531832,Trading,18.26,1,2024-03,,18.26,2024-03,2.47,3.58,2024-03,5.1,,2.81,1,2023-03,0,-6.07,-5.5,"531832,"
Mitshi India Ltd.,523782,Trading,17.89,1,2024-03,0.03,17.92,2024-03,20.24,0.12,2024-03,149.09,,6.65,1,2023-03,0,21.82,23.88,"523782,"
Hira Automobiles Ltd.,531743,Trading,17.79,1,2024-03,78.57,92.48,2024-03,262.22,0.68,2023-12,19.4,1.46,1.3,1,2023-03,5.99,5.95,10.15,"531743,"
Kkalpana Plastick Ltd.,523652,Trading,17.69,1,2024-03,,17.69,2024-03,0,-0.04,2024-03,0,,2.85,1,2023-03,0,-7.38,-7.39,"523652,"
Pradhin Ltd.,530095,Trading,17.04,1,2024-03,0.01,17.05,2024-03,4.18,0.54,2024-03,31.27,,2.57,1,2023-03,0.01,-1.67,-1.5,"530095,"
Sun Retail Ltd.,542025,Trading,16.91,1,2024-03,2.07,18.98,2024-03,97.02,1.12,2024-03,15.13,,1.04,1,2023-03,0.43,-7.86,-6.4,"542025,"
7NR Retail Ltd.,540615,Trading,16.47,1,2024-03,5.27,21.74,2024-03,11.62,-1.11,2024-03,0,0,0.56,1,2023-03,0.07,1.18,1.76,"540615,"
Triveni Enterprises Ltd.,538569,Trading,16.26,1,2024-03,0.62,16.88,2024-03,0,0.15,2024-03,111.34,0.58,1.57,1,2023-03,0.06,3.14,4.12,"538569,"
Mayukh Dealtrade Ltd.,539519,Trading,15.96,2,2024-03,0.17,16.13,2024-03,3.55,1.21,2024-03,13.41,,0.74,2,2023-03,0.02,5.89,8.01,"539519,"
Ecofinity Atomix Ltd.,539455,Trading,15.76,1,2024-03,,15.76,2024-03,6.53,0.27,2024-03,57.73,,4.79,1,2023-03,0.01,-8.33,-7.78,"539455,"
Olympic Oil Industries Ltd.,507609,Trading,15.7,1,2024-03,38.47,53.86,2024-03,0,-0.46,2024-03,0,,-0.67,1,2023-03,-4.89,0,-0.52,"507609,"
Amraworld Agrico Ltd.,531991,Trading,15.64,1,2024-03,,15.6,2024-03,0.57,0.43,2024-03,36.63,,1.38,1,2023-03,0,-1.05,-1.05,"531991,"
Rotographics (India) Ltd.,539922,Trading,15.44,1,2024-03,0.03,15.47,2024-03,0.38,-0.06,2024-03,0,0,4.35,1,2023-03,0.01,0.43,0.58,"539922,"
SPS International Ltd.,530177,Trading,15.09,1,2024-03,,15.09,2024-03,0.03,-0.36,2024-03,0,,4.13,1,2023-03,0,-3.26,-3.25,"530177,"
Regent Enterprises Ltd.,512624,Trading,15.09,1,2024-03,0,14.17,2024-03,672.67,0.65,2024-03,23.31,,0.4,1,2024-03,0,1.69,2.55,"512624,"
Sirohia & Sons Ltd.,538667,Trading,14.56,1,2024-03,,14.56,2024-03,0,-0.05,2024-03,0,,0.52,1,2023-03,0,-0.53,-0.51,"538667,"
Abate AS Industries Ltd.,531658,Trading,14.4,1,2024-03,1.22,15.61,2024-03,0,-0.27,2024-03,0,,-54.97,1,2023-03,67.62,-190.21,-58.67,"531658,"
Maitri Enterprises Ltd.,513430,Trading,14.14,2,2024-03,10.55,24.68,2024-03,19.01,-0.45,2024-03,0,,3.13,2,2023-03,1.28,-0.02,5.02,"513430,"
ACE Men Engg Works Ltd.,539661,Trading,13.94,1,2024-03,,13.94,2024-03,0,0.09,2024-03,156.67,8.09,3.6,1,2023-03,0,0.71,0.95,"539661,"
Maharashtra Corporation Ltd.,505523,Trading,13.84,1,2024-03,,12.82,2024-03,0.78,0.23,2024-03,58.14,3.1,0.8,1,2023-03,0,3.56,3.56,"505523,"
Panth Infinity Ltd.,539143,Trading,13.47,1,2024-03,,13.47,2024-03,4.72,-0.55,2024-03,0,0,0.72,1,2023-03,0,-11.01,-11.01,"539143,"
Shree Ganesh Elastoplast Ltd.,530797,Trading,13.2,1,2024-03,0.82,14.03,2024-03,23.57,1.63,2024-03,8.1,,2.41,1,2023-03,0.05,-7.24,-5.87,"530797,"
Asia Pack Ltd.,530899,Trading,13.17,1,2024-03,,13.17,2024-03,0.08,0.37,2024-03,35.7,1.67,0.39,1,2023-03,0,1.11,1.42,"530899,"
Longview Tea Company Ltd.,526568,Trading,12.83,1,2024-03,,12.65,2024-03,1.17,1.52,2024-03,8.43,,0.72,1,2023-03,0,-1,0.41,"526568,"
Natural Biocon (India) Ltd.,543207,Trading,12.51,1,2024-03,0.07,12.39,2024-03,17.05,0.34,2024-03,81.77,,1.02,1,2023-03,0.01,1.48,2.02,"543207,"
Elegant Floriculture & Agrotech (India) Ltd.,526473,Trading,12.3,1,2024-03,,12.3,2024-03,0.6,0.02,2024-03,768.75,,0.59,1,2023-03,0,-0.59,-0.81,"526473,"
Globe Commercials Ltd.,540266,Trading,12.15,1,2024-03,1.47,13.62,2024-03,162.36,3.06,2024-03,3.98,0.05,0.97,1,2023-03,0.16,28.79,33.48,"540266,"
Simplex Mills Company Ltd.,533018,Trading,11.94,1,2024-03,2.52,14.46,2024-03,0,-0.14,2024-03,0,0,-3.46,1,2023-03,-0.7,0,0,"533018,"
SRU Steels Ltd.,540914,Trading,11.83,1,2024-03,,11.83,2024-03,18.32,0.32,2024-03,36.63,19.88,0.86,1,2023-03,0,5.38,9.53,"540914,"
Ashiana Agro Industries Ltd.,519174,Trading,11.5,1,2024-03,,11.5,2024-03,0.97,0.12,2024-03,92,14.73,4.55,1,2023-03,0,-1.1,-1.09,"519174,"
Munoth Communication Ltd.,511401,Trading,11.48,2,2024-03,1.59,13.07,2024-03,0,-0.32,2024-03,0,,1.02,2,2023-03,0.08,-14.53,-10.1,"511401,"
RISA International Ltd.,530251,Trading,11.32,1,2024-03,1.55,12.87,2024-03,0,-14.77,2024-03,0,0,2.11,1,2023-03,0.06,-1.59,-1.52,"530251,"
Panabyte Technologies Ltd.,538742,Trading,11.21,1,2024-03,2.92,14.12,2024-03,3.76,-0.46,2024-03,0,,4.48,1,2023-03,1.1,-14.18,-3.14,"538742,"
Dhruv Wellness Ltd.,540695,Trading,11.21,1,2023-09,18.67,29.88,2023-03,0.39,0.02,2023-03,538.64,,-0.79,1,2023-03,-1.39,0,0.38,"540695,"
Suumaya Corporation Ltd.,543274,Trading,10.95,1,2024-03,7.05,18,2024-03,2.46,-485.35,2024-03,0,,0.12,1,2023-03,0.08,-33.25,-26.14,"543274,"
Devine Impex Ltd.,531585,Trading,10.84,1,2024-03,,10.84,2024-03,1.76,0.04,2024-03,292.92,12.98,0.8,1,2023-03,0,0.37,0.39,"531585,"
Symbiox Investment & Trading Co Ltd.,539278,Trading,10.51,1,2024-03,,10.19,2024-03,3.9,0.3,2024-03,50.3,13.02,0.33,1,2023-03,0,0.51,0.69,"539278,"
Indian Link Chain Manufacturers Ltd.,504746,Trading,10,1,2024-03,,10,2024-03,0,0.1,2024-03,111.08,,3.1,1,2023-03,0,-13.58,-13.58,"504746,"
Dhyaani Tradeventtures Ltd.,543516,Trading,10,1,2024-03,3.03,13.03,2024-03,29.67,0.69,2024-03,14.58,,2.02,1,2023-03,0,-2.51,-2.16,"543516,"
Gujarat Cotex Ltd.,514386,Trading,9.66,1,2024-03,1,10.66,2024-03,16.91,0.13,2024-03,51.1,,1.47,1,2023-03,0.11,0.15,0.39,"514386,"
Rama Petrochemicals Ltd.,500358,Trading,9.49,2,2024-03,39.97,49.46,2024-03,0.82,-0.41,2024-03,0,,-0.17,2,2023-03,-0.41,0,0,"500358,"
Mukta Agriculture Ltd.,535204,Trading,9.28,1,2024-03,1.08,10.32,2024-03,0,-1.93,2024-03,0,0,0.43,1,2023-03,0.05,-28.63,-27.55,"535204,"
Parker Agrochem Exports Ltd.,524628,Trading,9.03,1,2024-03,0.86,9.88,2024-03,5.46,1.07,2024-03,8.48,0.12,2.11,1,2023-03,0.19,24.26,22.52,"524628,"
Peeti Securities Ltd.,531352,Trading,8.92,1,2024-03,,8.92,2024-03,24.84,0.41,2024-03,21.7,,0.75,1,2023-03,0,5.77,7.68,"531352,"
Worldwide Aluminium Ltd.,526525,Trading,8.85,1,2024-03,,5.64,2024-03,7.02,0,2024-03,0,,1.3,1,2023-03,0,-0.01,0.03,"526525,"
Lexoraa Industries Ltd.,531944,Trading,8.82,1,2024-03,0.51,9.33,2024-03,0,-0.24,2024-03,0,0,-13.22,1,2023-03,-1.86,0,190.56,"531944,"
Amanaya Ventures Ltd.,543804,Trading,8.79,1,2024-03,0.01,8.05,2024-03,30.81,0.1,2024-03,91.61,,1.78,1,2023-03,0.01,2.27,3.15,"543804,"
Mystic Electronics Ltd.,535205,Trading,8.7,1,2024-03,1.2,9.89,2024-03,0,-1.49,2024-03,0,0,0.32,1,2023-03,0.04,-11.09,-10.67,"535205,"
AMS Polymers Ltd.,540066,Trading,8.51,1,2024-03,12.78,21.29,2024-03,83.72,1.46,2023-09,6.01,0.05,2.05,1,2023-03,2.41,14.97,10.82,"540066,"
Vaxfab Enterprises Ltd.,542803,Trading,8.42,1,2024-03,0.09,8.5,2024-03,9.14,-3.57,2024-03,0,,0.67,2,2023-03,0.02,4.08,5.1,"542803,"
RSC International Ltd.,530179,Trading,8.18,1,2024-03,0.07,8.25,2024-03,0.43,-0.03,2024-03,0,,18.41,1,2023-03,4.53,-159.01,-51.84,"530179,"
IGC Industries Ltd.,539449,Trading,7.79,1,2024-03,,7.79,2024-03,0,-0.38,2024-03,0,,10.9,1,2023-03,0,-15.03,-14.75,"539449,"
AVI Products India Ltd.,523896,Trading,7.77,1,2024-03,0.26,4.71,2024-03,4.85,0.26,2024-03,30.47,2.41,1.1,1,2023-03,0,4.63,7.09,"523896,"
Ambassador Intra Holdings Ltd.,542524,Trading,7.62,1,2024-03,0.44,8.06,2024-03,0,0.03,2024-03,245.84,,2.37,1,2023-03,0.19,0.36,0.33,"542524,"
Welcure Drugs & Pharmaceuticals Ltd.,524661,Trading,7.59,1,2024-03,,7.59,2024-03,0.03,-0.17,2024-03,0,0,5.26,1,2023-03,0,12.65,12.67,"524661,"
Kabra Commercial Ltd.,539393,Trading,7.58,1,2024-03,12.34,19.92,2024-03,19.58,0.68,2023-06,10.96,1.77,0.48,1,2023-03,0.69,9.16,9.38,"539393,"
Ramgopal Polytex Ltd.,514223,Trading,7.54,1,2024-03,,7.54,2024-03,11,-1.67,2024-03,0,,0.66,1,2023-03,0.04,-9.36,-7.8,"514223,"
Shashank Traders Ltd.,540221,Trading,7.49,1,2024-03,2.85,10.34,2024-03,0,-0.16,2024-03,0,,3.21,1,2023-03,0,-9.58,-9.57,"540221,"
Trio Mercantile & Trading Ltd.,534755,Trading,7.34,1,2024-03,0.55,7.89,2024-03,2.47,-0.22,2024-03,0,,0.33,1,2023-03,0.01,-0.41,-0.4,"534755,"
CHD Chemicals Ltd.,539800,Trading,7.3,1,2024-03,6.46,13.76,2024-03,16.23,0.26,2024-03,28.29,,0.54,1,2023-03,0.7,0.5,1.67,"539800,"
Chambal Breweries & Distilleries Ltd.,512301,Trading,7.29,1,2024-03,0,7.23,2024-03,0,-2.47,2024-03,0,,6.05,1,2024-03,0,-101.24,-101.24,"512301,"
Modella Woollens Ltd.,503772,Trading,7.25,1,2024-03,,7.25,2024-03,0,-0.13,2024-03,0,0,-44.81,1,2023-03,0,0,0,"503772,"
Sword-Edge Commercials Ltd.,512359,Trading,7.17,1,2022-09,11.29,18.4,2022-12,1.05,0.59,2022-12,12.15,,,1,2022-03,0.75,-5.55,-3.16,"512359,"
Sharanam Infraproject and Trading Ltd.,539584,Trading,7.08,1,2024-03,0.69,7.72,2024-03,1.76,0.02,2024-03,272.31,,0.67,1,2023-03,0.06,-4.75,-4.57,"539584,"
Quasar India Ltd.,538452,Trading,7.05,1,2024-03,0.01,7.06,2024-03,27.45,1.66,2024-03,4.25,0.03,0.88,1,2023-03,0.03,17.34,21.3,"538452,"
Bijoy Hans Ltd.,524723,Trading,6.9,1,2024-03,0.06,6.96,2024-03,0.28,-0.23,2024-03,0,,2.03,1,2023-03,0.02,-11.9,-11.62,"524723,"
Satiate Agri Ltd.,524546,Trading,6.7,1,2024-03,0.19,6.89,2024-03,0.2,-0.12,2023-03,9.72,0.03,9.83,1,2023-03,0.23,209.81,233.64,"524546,"
Standard Shoe Sole & Mould (India) Ltd.,523351,Trading,6.67,1,2024-03,0.24,6.9,2024-03,0,-0.66,2024-03,0,,-10.83,1,2023-03,0,-151.18,-151.18,"523351,"
Ind-Agiv Commerce Ltd.,517077,Trading,6.6,1,2023-03,12.03,15.11,2022-12,7.95,-1.75,2023-03,0,,-2.49,2,2023-03,-6.92,0,-7.55,"517077,"
Ganon Products Ltd.,512443,Trading,6.54,1,2024-03,,6.34,2024-03,27.9,0.13,2024-03,51.1,,0.6,1,2023-03,0,0.14,4.75,"512443,"
Haria Exports Ltd.,512604,Trading,6.47,1,2024-03,,6.38,2024-03,0,0.09,2024-03,74.34,,0.46,1,2023-03,0,-0.42,-0.42,"512604,"
Alchemist Corporation Ltd.,531409,Trading,6.24,2,2024-03,0.6,6.84,2024-03,0,0.07,2024-03,94.56,,5.3,2,2023-03,0.06,-21.15,-18.11,"531409,"
Ramasigns Industries Ltd.,515127,Trading,6.22,1,2024-03,9.77,15.99,2024-03,10.34,-5.2,2024-03,0,,0.48,1,2023-03,0.59,2.6,5.06,"515127,"
Konndor Industries Ltd.,532397,Trading,6.03,1,2024-03,,6.03,2024-03,13.79,0.74,2024-03,9.39,0.12,0.66,1,2022-03,0,7.44,12.52,"532397,"
Gujarat Metallic Coal & Coke Ltd.,531881,Trading,5.94,1,2019-09,,5.94,2019-09,0,-13.3,2019-09,0,,,1,2019-03,0.87,-62.06,-37.39,"531881,"
Muzali Arts Ltd.,539410,Trading,5.8,1,2023-09,0.11,5.91,2023-12,0.16,-0.35,2023-12,0,,0.45,1,2023-03,0.01,-25.26,-22.74,"539410,"
Omnipotent Industries Ltd.,543400,Trading,5.72,1,2024-03,0.23,5.95,2024-03,33.6,0.16,2024-03,36.45,,0.27,1,2023-03,0,-0.2,0.13,"543400,"
PM Telelinks Ltd.,513403,Trading,5.65,1,2024-03,,5.65,2024-03,30.68,0.08,2024-03,71.55,3.42,0.66,1,2023-03,0,1.96,2.76,"513403,"
Unitech International Ltd.,531867,Trading,5.53,1,2024-03,27.83,33.35,2024-03,5.03,-8.02,2024-03,0,,-0.77,1,2023-03,36.91,-176.49,-24.68,"531867,"
Afloat Enterprises Ltd.,543377,Trading,5.47,1,2024-03,,5.47,2024-03,1.89,0.03,2024-03,195.34,2.51,1.08,1,2023-03,0,1.45,1.92,"543377,"
Simplex Papers Ltd.,533019,Trading,5.16,1,2024-03,12.44,17.6,2024-03,0,0.11,2024-03,45.23,,-0.43,1,2023-03,-1.07,0,-26.85,"533019,"
AVI Polymers Ltd.,539288,Trading,5.04,1,2024-03,0.81,5.85,2024-03,0.64,0.02,2024-03,219.12,11.47,1.14,1,2023-03,0,2.69,3.38,"539288,"
Chandrima Mercantiles Ltd.,540829,Trading,4.98,1,2024-03,3.27,8.25,2024-03,19.39,0.26,2024-03,18.93,0.63,0.11,1,2023-03,-63.95,0,0.9,"540829,"
Checkpoint Trends Ltd.,531099,Trading,4.88,1,2024-03,,4.86,2024-03,1.13,0.03,2024-03,162.59,,24.49,1,2023-03,0.89,-38.44,-13.1,"531099,"
JMG Corporation Ltd.,523712,Trading,4.86,1,2024-03,0.87,5.73,2024-03,0.62,0.17,2024-03,28.95,,0.68,1,2023-03,0.12,-4.52,-3.07,"523712,"
Ambitious Plastomac Company Ltd.,526439,Trading,4.8,1,2024-03,0.78,5.58,2024-03,5.96,0.06,2024-03,78.77,,-6.43,1,2023-03,-1.09,0,-576.9,"526439,"
Priya Ltd.,524580,Trading,4.66,1,2024-03,25.86,30.47,2024-03,0,-4.04,2024-03,0,,-0.1,1,2023-03,-0.61,0,0,"524580,"
Sarthak Global Ltd.,530993,Trading,4.52,1,2024-03,17.77,22.29,2024-03,4.24,-0.18,2024-03,226.2,,3.09,1,2023-03,11.55,3.49,5.74,"530993,"
PAE Ltd.,517230,Trading,4.28,1,2023-03,10.67,14.87,2023-12,0,-0.52,2023-12,0,0,-0.15,1,2023-03,-0.39,0,0,"517230,"
Padmanabh Industries Ltd.,526905,Trading,4.21,1,2024-03,0.61,4.82,2024-03,0.6,-0.06,2024-03,0,,-73.12,1,2023-03,-118.23,0,-0.24,"526905,"
Diksha Greens Ltd.,542155,Trading,4.16,1,2024-03,24.49,28.65,2024-03,0,-2.97,2024-03,0,,-0.16,1,2023-03,-0.95,0,-65.39,"542155,"
Svarnim Trade Udyog Ltd.,539911,Trading,4.11,1,2024-03,0.07,4.18,2024-03,0,-0.03,2024-03,0,,-3190.57,1,2023-03,0,-165.86,-165.65,"539911,"
Fraser and Co Ltd.,539032,Trading,4.03,1,2024-03,0.32,4.34,2024-03,0.03,-0.79,2024-03,0,0,0.56,1,2023-03,0.06,4.38,6.56,"539032,"
Inceptum Enterprises Ltd.,538541,Trading,3.91,1,2023-03,0.81,4.72,2023-03,0,-0.04,2022-12,0,,3.2,1,2021-03,0.68,-3.17,-1.9,"538541,"
Shiva Suitings Ltd.,521003,Trading,3.79,1,2024-03,,3.79,2024-03,3.78,0.04,2024-03,77.42,5.41,1.87,1,2023-03,0,5.14,7.05,"521003,"
Vitesse Agro Ltd.,540823,Trading,3.78,1,2023-03,7.41,9.51,2023-03,17.61,0,2023-03,378.19,5.5,0.5,1,2022-03,0.94,7.02,6.09,"540823,"
Aviva Industries Ltd.,512109,Trading,3.52,1,2024-03,0.76,4.28,2024-03,0.58,-0.03,2024-03,0,,1.13,1,2023-03,0.24,0.18,0.15,"512109,"
Adarsh Mercantile Ltd.,538563,Trading,3.41,1,2024-03,,3.41,2024-03,2.56,-1.74,2023-12,1.51,,0.34,2,2023-03,0.51,-4.72,0.13,"538563,"
Radhagobind Commercial Ltd.,539673,Trading,3.25,1,2024-03,0.92,4.17,2024-03,0.07,-7.51,2024-03,0,0,-0.81,1,2023-03,0.09,-4.67,-4.41,"539673,"
Tiaan Consumer Ltd.,540108,Trading,2.92,1,2023-09,5.18,8.09,2023-09,0.01,-11.27,2023-09,0,,-1.69,1,2023-03,0.18,-25.87,-23.59,"540108,"
Shivansh Finserve Ltd.,539593,Trading,2.89,2,2024-03,25.59,20.95,2024-03,0.46,0.05,2024-03,56.65,,0.43,2,2023-03,2.46,0.71,0.67,"539593,"
Gleam Fabmat Ltd.,542477,Trading,2.85,1,2024-03,5.26,8.11,2024-03,0.65,0.08,2024-03,33.87,,0.29,1,2023-03,0.53,-0.6,-0.3,"542477,"
Negotium International Trade Ltd.,537838,Trading,2.63,1,2021-09,5.99,8.61,2021-12,0.03,-0.04,2021-12,0,,,1,2021-03,1.88,0.11,0.04,"537838,"
Swadeshi Industries & Leasing Ltd.,506863,Trading,2.5,1,2024-03,,2.5,2024-03,2.46,-0.06,2024-03,0,0,0.32,1,2023-03,0,-1.24,-1.23,"506863,"
India Infraspace Ltd.,531343,Trading,2.37,2,2024-03,4.09,6.46,2024-03,0,0.02,2023-03,0,,-0.58,1,2021-03,0.14,-0.13,-0.08,"531343,"
Omkar Overseas Ltd.,531496,Trading,2.36,1,2024-03,0.03,2.39,2024-03,0,-1.04,2024-03,0,,131.84,1,2023-03,0,-9.88,-9.88,"531496,"
Jatalia Global Ventures Ltd.,519319,Trading,2.14,1,2024-03,1.98,4.12,2024-03,0.06,-0.2,2023-06,0,,-0.99,1,2023-03,-1.22,-252.83,-150.55,"519319,"
Solis Marketing Ltd.,538575,Trading,1.54,1,2023-03,1.46,3,2023-03,0,0,2023-03,0,,0.29,1,2021-03,0.44,0.14,0.16,"538575,"
IMEC Services Ltd.,513295,Trading,1.39,2,2024-03,,0.9,2024-03,16.62,301.73,2024-03,0,0,-0.03,2,2023-03,-0.66,0,0,"513295,"
Blue Pearl Texspin Ltd.,514440,Trading,1.19,1,2024-03,0.41,1.21,2024-03,0.26,-0.07,2024-03,0,,-6.43,1,2024-03,-2.21,0,-33.05,"514440,"
Omansh Enterprises Ltd.,538537,Trading,1.17,1,2024-03,1.77,2.94,2024-03,0.01,-0.33,2024-03,0,,0.49,1,2022-03,1.87,-7.92,-4.07,"538537,"
Viaan Industries Ltd.,537524,Trading,0.97,1,2021-09,11.52,12.49,2021-12,0.78,-1.29,2021-12,0,,,1,2021-03,-4.7,0,-17.87,"537524,"
Gagan Polycot India Ltd.,531196,Trading,0.86,1,2022-03,,0.82,2022-03,0,-5.69,2022-03,0,,0.22,1,2021-03,0,-3.34,-1.53,"531196,"
Kshitij Investments Ltd.,503626,Trading,0.66,1,2024-03,,0.66,2024-03,0,-0.22,2023-12,0,0,2.19,1,2023-03,0,18.5,18.66,"503626,"
Euro Asia Exports Ltd.,530929,Trading,0.13,1,2024-03,,-0.08,2024-03,12.51,0.02,2024-03,5.29,0.85,-0.13,1,2023-03,0.33,32.23,3.74,"530929,"
PH Trading Ltd.,512026,Trading,0.1,1,2024-03,,0.1,2024-03,0,0.08,2024-03,0.61,,0.04,1,2023-03,0,-15.85,-7.01,"512026,"
